id,name,upgrading,next,updated_at,user_id,is_public,owner_id
00d572ce-7723-4d2e-beaa-2a50713bd834,Material Workshop 4,false,false,2025-11-08 23:47:20.119656+00,1e4ed8c4-a092-4600-9f7e-a29bfc72c8b5,false,
01aaf7f7-8dfb-44d9-b8eb-68a9c8496671,Gear Factory,false,false,2025-11-12 21:43:24.428129+00,2bb3c262-d107-439f-b059-f1d694f8915b,false,2bb3c262-d107-439f-b059-f1d694f8915b
02007a96-5787-430e-968f-97b8830704f8,Technical Institute,false,false,2025-11-08 23:47:20.119656+00,1e4ed8c4-a092-4600-9f7e-a29bfc72c8b5,false,
021f8f36-3804-4120-b85a-a678c97bd442,Coin Vault,false,false,2025-11-12 18:58:56.391479+00,9cf16066-11f8-4b07-bc89-4f1013980063,false,9cf16066-11f8-4b07-bc89-4f1013980063
024454e3-01d0-4450-9cb3-db3942da82ad,Recon Plane 3,false,false,2025-11-12 18:58:56.391479+00,9cf16066-11f8-4b07-bc89-4f1013980063,false,9cf16066-11f8-4b07-bc89-4f1013980063
04881997-25a6-4bdc-a2fc-6c7de0fa2124,Material Workshop 5,false,false,2025-11-12 18:58:56.391479+00,9cf16066-11f8-4b07-bc89-4f1013980063,false,9cf16066-11f8-4b07-bc89-4f1013980063
0492de6d-89fd-4bee-ac6a-c0e00c08fe44,Tank Center,false,false,2025-11-12 18:58:56.391479+00,9cf16066-11f8-4b07-bc89-4f1013980063,false,9cf16066-11f8-4b07-bc89-4f1013980063
05bcae29-6b39-4e40-9807-0119a0b7636a,Emergency Center,false,false,2025-11-12 21:43:24.428129+00,2bb3c262-d107-439f-b059-f1d694f8915b,false,2bb3c262-d107-439f-b059-f1d694f8915b
066d5ad8-974f-44f4-8440-d7b7f08f469a,Gold Mine 2,false,false,2025-11-12 21:43:24.428129+00,2bb3c262-d107-439f-b059-f1d694f8915b,false,2bb3c262-d107-439f-b059-f1d694f8915b
07aebb5c-1cbe-436a-8005-f16ad7fe3b28,Material Workshop 3,false,false,2025-11-12 21:43:24.428129+00,2bb3c262-d107-439f-b059-f1d694f8915b,false,2bb3c262-d107-439f-b059-f1d694f8915b
09a5deec-b0e3-4de2-a3ac-0f188da0e7b4,Wall,false,false,2025-11-12 18:58:56.391479+00,9cf16066-11f8-4b07-bc89-4f1013980063,false,9cf16066-11f8-4b07-bc89-4f1013980063
0baec3ba-5943-40cd-91ca-052d1c52b760,Training Base 4,false,false,2025-11-12 21:43:24.428129+00,2bb3c262-d107-439f-b059-f1d694f8915b,false,2bb3c262-d107-439f-b059-f1d694f8915b
0ee26c61-1538-40af-b719-24f56f7e4aa9,Gold Mine 5,false,false,2025-11-12 18:58:56.391479+00,9cf16066-11f8-4b07-bc89-4f1013980063,false,9cf16066-11f8-4b07-bc89-4f1013980063
0f540595-5335-4469-b9af-48381a7038dc,Tech Center 3,false,false,2025-11-08 23:47:20.119656+00,1e4ed8c4-a092-4600-9f7e-a29bfc72c8b5,false,
1297f77a-5b45-40bd-8fbc-879d84f4e6e2,HQ,false,false,2025-11-12 21:43:24.428129+00,2bb3c262-d107-439f-b059-f1d694f8915b,false,2bb3c262-d107-439f-b059-f1d694f8915b
12e50548-faec-435a-9d8e-52af4d5677f2,Farmland 4,false,false,2025-11-12 18:58:56.391479+00,9cf16066-11f8-4b07-bc89-4f1013980063,false,9cf16066-11f8-4b07-bc89-4f1013980063
1365045a-6f22-4593-8261-cb0a2741ba40,Gold Mine 4,false,false,2025-11-08 23:47:20.119656+00,1e4ed8c4-a092-4600-9f7e-a29bfc72c8b5,false,
153a59d3-f141-4c3d-bdfe-54eec525f66e,Smelter 1,false,false,2025-11-08 23:47:20.119656+00,1e4ed8c4-a092-4600-9f7e-a29bfc72c8b5,false,
1553fd5b-38c7-4a28-a89e-0f9c962ea4de,Hospital 2,false,false,2025-11-08 23:47:20.119656+00,1e4ed8c4-a092-4600-9f7e-a29bfc72c8b5,false,
1845b55f-0113-4300-86e4-eab49b47fdba,Alert Tower,true,false,2025-11-08 23:47:20.119656+00,1e4ed8c4-a092-4600-9f7e-a29bfc72c8b5,false,
19aa7f5b-b7c1-4d21-9333-0c81179f18bd,Alliance Center,false,false,2025-11-12 18:58:56.391479+00,9cf16066-11f8-4b07-bc89-4f1013980063,false,9cf16066-11f8-4b07-bc89-4f1013980063
1aeae136-426b-431e-a08a-e1690114450f,Gold Mine 5,false,false,2025-11-08 23:47:20.119656+00,1e4ed8c4-a092-4600-9f7e-a29bfc72c8b5,false,
1bf68d7a-3927-4e44-b39b-d03f81a3169f,Gold Mine 3,false,false,2025-11-08 23:47:20.119656+00,1e4ed8c4-a092-4600-9f7e-a29bfc72c8b5,false,
1c64c9f5-926a-49e3-b670-d0b148adda37,HQ,false,false,2025-11-12 18:58:56.391479+00,9cf16066-11f8-4b07-bc89-4f1013980063,false,9cf16066-11f8-4b07-bc89-4f1013980063
1cdce028-02d2-4d12-88b4-f304029859a9,Drone Parts Workshop,false,false,2025-11-12 21:43:24.428129+00,2bb3c262-d107-439f-b059-f1d694f8915b,false,2bb3c262-d107-439f-b059-f1d694f8915b
1f0de7f0-5ee5-4337-8e8d-0ec25f2c2e19,Drone Parts Workshop,false,false,2025-11-08 23:47:20.119656+00,1e4ed8c4-a092-4600-9f7e-a29bfc72c8b5,false,
1f224fbf-9fcc-474c-beb4-dbc1219a73a1,Aircraft Center,false,false,2025-11-12 21:43:24.428129+00,2bb3c262-d107-439f-b059-f1d694f8915b,false,2bb3c262-d107-439f-b059-f1d694f8915b
222899bb-f3de-4d41-ab6d-6ed7838f32a2,Component Factory,false,false,2025-11-12 21:43:24.428129+00,2bb3c262-d107-439f-b059-f1d694f8915b,false,2bb3c262-d107-439f-b059-f1d694f8915b
22d3b1cb-1974-4d85-8136-79a6eed89ee6,Training Base 4,false,false,2025-11-12 18:58:56.391479+00,9cf16066-11f8-4b07-bc89-4f1013980063,false,9cf16066-11f8-4b07-bc89-4f1013980063
241b09bb-0b1d-40dc-9f5c-32e8020509f6,Material Workshop 4,false,false,2025-11-12 18:58:56.391479+00,9cf16066-11f8-4b07-bc89-4f1013980063,false,9cf16066-11f8-4b07-bc89-4f1013980063
24991ad2-966a-4cf3-99e4-5fd167da7fa6,Iron Mine 3,false,false,2025-11-12 18:58:56.391479+00,9cf16066-11f8-4b07-bc89-4f1013980063,false,9cf16066-11f8-4b07-bc89-4f1013980063
24e01f82-a93e-41e8-9306-f9ca4aa92245,Tech Center 1,false,false,2025-11-08 23:47:20.119656+00,1e4ed8c4-a092-4600-9f7e-a29bfc72c8b5,false,
26bc2c68-2ed1-4cad-ae06-7f988ac7c09d,Material Workshop 1,false,false,2025-11-12 18:58:56.391479+00,9cf16066-11f8-4b07-bc89-4f1013980063,false,9cf16066-11f8-4b07-bc89-4f1013980063
26e2dffb-1b13-4112-a2ee-ff9ddcd65c41,Iron Mine 4,false,false,2025-11-08 23:47:20.119656+00,1e4ed8c4-a092-4600-9f7e-a29bfc72c8b5,false,
27e0ee05-7233-4c06-bb60-0db77c1eb021,Gold Mine 4,false,false,2025-11-12 18:58:56.391479+00,9cf16066-11f8-4b07-bc89-4f1013980063,false,9cf16066-11f8-4b07-bc89-4f1013980063
28770c15-14db-428c-b45a-cbbb37b13647,Iron Warehouse,false,false,2025-11-12 21:43:24.428129+00,2bb3c262-d107-439f-b059-f1d694f8915b,false,2bb3c262-d107-439f-b059-f1d694f8915b
2dd5d087-1627-4a98-a5dc-0de0a779cbe2,Drill Ground 3,false,false,2025-11-08 23:47:20.119656+00,1e4ed8c4-a092-4600-9f7e-a29bfc72c8b5,false,
30e076b5-ee4b-4ed5-acd6-c0b34095b709,Farmland 5,false,false,2025-11-12 18:58:56.391479+00,9cf16066-11f8-4b07-bc89-4f1013980063,false,9cf16066-11f8-4b07-bc89-4f1013980063
30f01fc7-2a0a-47ab-993a-6a15c2a8f32f,Training Base 3,false,false,2025-11-12 21:43:24.428129+00,2bb3c262-d107-439f-b059-f1d694f8915b,false,2bb3c262-d107-439f-b059-f1d694f8915b
33040d13-e9bb-432b-a51a-3ad09ceb7868,Material Workshop 2,false,false,2025-11-08 23:47:20.119656+00,1e4ed8c4-a092-4600-9f7e-a29bfc72c8b5,false,
34d05e82-bd30-4625-a5d8-9951bf9b6cd4,Oil Well 2,false,false,2025-11-12 21:43:24.428129+00,2bb3c262-d107-439f-b059-f1d694f8915b,false,2bb3c262-d107-439f-b059-f1d694f8915b
3607f6e4-ffe9-4c79-848e-1ef59e9d3d28,Oil Well 5,false,false,2025-11-12 21:43:24.428129+00,2bb3c262-d107-439f-b059-f1d694f8915b,false,2bb3c262-d107-439f-b059-f1d694f8915b
3698efc0-dcf8-4cca-b3cd-41e2b9f95fd3,Iron Mine 1,false,false,2025-11-12 21:43:24.428129+00,2bb3c262-d107-439f-b059-f1d694f8915b,false,2bb3c262-d107-439f-b059-f1d694f8915b
36d1641d-caca-46a1-920c-48f6c8421196,Barracks 4,false,false,2025-11-12 21:43:24.428129+00,2bb3c262-d107-439f-b059-f1d694f8915b,false,2bb3c262-d107-439f-b059-f1d694f8915b
375b10dc-567b-431e-a7c3-6a76da7bc330,Training Base 5,false,false,2025-11-08 23:47:20.119656+00,1e4ed8c4-a092-4600-9f7e-a29bfc72c8b5,false,
38938076-fc5a-42b8-ab9b-88c8d5b61eac,Iron Mine 2,false,false,2025-11-12 21:43:24.428129+00,2bb3c262-d107-439f-b059-f1d694f8915b,false,2bb3c262-d107-439f-b059-f1d694f8915b
38e12170-874e-4ebb-af5f-bc1c9ef8669e,Builder's Hut,false,false,2025-11-12 21:43:24.428129+00,2bb3c262-d107-439f-b059-f1d694f8915b,false,2bb3c262-d107-439f-b059-f1d694f8915b
39bef948-f435-4af7-b9f3-3080800fe0af,Farmland 2,false,false,2025-11-08 23:47:20.119656+00,1e4ed8c4-a092-4600-9f7e-a29bfc72c8b5,false,
3a4199da-8bec-4169-b9ff-418f5d8d94cb,Food Warehouse,false,false,2025-11-12 21:43:24.428129+00,2bb3c262-d107-439f-b059-f1d694f8915b,false,2bb3c262-d107-439f-b059-f1d694f8915b
3b5b437a-266f-4156-8ecc-6aded6a8cbdc,Barracks 4,false,false,2025-11-08 23:47:20.119656+00,1e4ed8c4-a092-4600-9f7e-a29bfc72c8b5,false,
3ca7ebff-9110-465e-8727-a7d866490ba5,Smelter 1,false,false,2025-11-12 18:58:56.391479+00,9cf16066-11f8-4b07-bc89-4f1013980063,false,9cf16066-11f8-4b07-bc89-4f1013980063
3cfd0342-9cb3-4105-afd6-df787986f358,Tank Center,false,false,2025-11-09 20:43:42.240811+00,1e4ed8c4-a092-4600-9f7e-a29bfc72c8b5,false,
3e6f9bc4-c60a-4765-bda8-0fd9c8d51d35,Iron Mine 4,false,false,2025-11-12 21:43:24.428129+00,2bb3c262-d107-439f-b059-f1d694f8915b,false,2bb3c262-d107-439f-b059-f1d694f8915b
3eb8399f-6505-4039-a965-c22842397317,Training Base 2,false,false,2025-11-12 18:58:56.391479+00,9cf16066-11f8-4b07-bc89-4f1013980063,false,9cf16066-11f8-4b07-bc89-4f1013980063
3f3da6fd-7237-4362-8ae5-639c66384f12,Drill Ground 1,false,false,2025-11-08 23:47:20.119656+00,1e4ed8c4-a092-4600-9f7e-a29bfc72c8b5,false,
404d347c-5bc0-4f76-8884-19740e4874ce,Oil Well 2,false,false,2025-11-12 18:58:56.391479+00,9cf16066-11f8-4b07-bc89-4f1013980063,false,9cf16066-11f8-4b07-bc89-4f1013980063
40d51b24-6f49-4b80-aa36-d15ac52136d2,Smelter 2,false,false,2025-11-12 18:58:56.391479+00,9cf16066-11f8-4b07-bc89-4f1013980063,false,9cf16066-11f8-4b07-bc89-4f1013980063
410ad44e-fa3f-42d1-83d0-67b8575d0b19,Material Workshop 1,false,false,2025-11-12 21:43:24.428129+00,2bb3c262-d107-439f-b059-f1d694f8915b,false,2bb3c262-d107-439f-b059-f1d694f8915b
41fe5117-df6d-4a2c-be65-1947e1fc8d02,Smelter 1,false,false,2025-11-12 21:43:24.428129+00,2bb3c262-d107-439f-b059-f1d694f8915b,false,2bb3c262-d107-439f-b059-f1d694f8915b
4338d5c8-2509-4c8c-86bb-4c1628f24cbf,Technical Institute,false,false,2025-11-12 18:58:56.391479+00,9cf16066-11f8-4b07-bc89-4f1013980063,false,9cf16066-11f8-4b07-bc89-4f1013980063
43d9158b-034a-47eb-845f-fd18461526be,Barracks 3,false,false,2025-11-12 18:58:56.391479+00,9cf16066-11f8-4b07-bc89-4f1013980063,false,9cf16066-11f8-4b07-bc89-4f1013980063
43e90c4c-76d6-4366-a018-2c68eafdd46b,Material Workshop 3,false,false,2025-11-08 23:47:20.119656+00,1e4ed8c4-a092-4600-9f7e-a29bfc72c8b5,false,
447983b5-03a2-4e1b-97ad-5b4e4078f96a,Iron Mine 5,false,false,2025-11-12 21:43:24.428129+00,2bb3c262-d107-439f-b059-f1d694f8915b,false,2bb3c262-d107-439f-b059-f1d694f8915b
46848a74-955e-44ee-8d15-17394c51efb8,Food Warehouse,false,false,2025-11-12 18:58:56.391479+00,9cf16066-11f8-4b07-bc89-4f1013980063,false,9cf16066-11f8-4b07-bc89-4f1013980063
46ba2abd-adf7-4011-bfa4-80f3b58b7b2d,Farmland 4,false,false,2025-11-12 21:43:24.428129+00,2bb3c262-d107-439f-b059-f1d694f8915b,false,2bb3c262-d107-439f-b059-f1d694f8915b
471b6967-5553-4113-9841-a3acc6992aea,Material Workshop 2,false,false,2025-11-12 18:58:56.391479+00,9cf16066-11f8-4b07-bc89-4f1013980063,false,9cf16066-11f8-4b07-bc89-4f1013980063
472392e9-daac-4fc9-9a5d-51c894c266fd,Drill Ground 3,false,false,2025-11-12 18:58:56.391479+00,9cf16066-11f8-4b07-bc89-4f1013980063,false,9cf16066-11f8-4b07-bc89-4f1013980063
478efd50-4c00-4a39-a66e-f0fb13d6f577,Tank Center,false,false,2025-11-12 21:43:24.428129+00,2bb3c262-d107-439f-b059-f1d694f8915b,false,2bb3c262-d107-439f-b059-f1d694f8915b
48940ae3-e357-4071-8aca-0ecacbc04d24,Drill Ground 4,false,false,2025-11-12 21:43:24.428129+00,2bb3c262-d107-439f-b059-f1d694f8915b,false,2bb3c262-d107-439f-b059-f1d694f8915b
48a4352b-3a45-4f6d-938b-370adf2ef961,Builder's Hut,false,false,2025-11-08 23:47:20.119656+00,1e4ed8c4-a092-4600-9f7e-a29bfc72c8b5,false,
4c96918e-5f46-42df-b591-b4bf00951e34,Oil Well 3,true,false,2025-11-12 21:43:24.428129+00,2bb3c262-d107-439f-b059-f1d694f8915b,false,2bb3c262-d107-439f-b059-f1d694f8915b
50a4e452-1018-4294-bb6c-e2c7097af807,Drill Ground 1,false,false,2025-11-12 18:58:56.391479+00,9cf16066-11f8-4b07-bc89-4f1013980063,false,9cf16066-11f8-4b07-bc89-4f1013980063
511ebdea-03fb-400a-945d-f632a2ab4aca,Training Base 3,false,false,2025-11-12 18:58:56.391479+00,9cf16066-11f8-4b07-bc89-4f1013980063,false,9cf16066-11f8-4b07-bc89-4f1013980063
52c1e1c3-27e9-439f-8b54-ff565bf45954,Iron Mine 3,false,false,2025-11-08 23:47:20.119656+00,1e4ed8c4-a092-4600-9f7e-a29bfc72c8b5,false,
53f89314-f026-40b4-9fca-0051af12e004,Component Factory,false,false,2025-11-12 18:58:56.391479+00,9cf16066-11f8-4b07-bc89-4f1013980063,false,9cf16066-11f8-4b07-bc89-4f1013980063
572d40f5-b756-432b-9cf4-fe81f18025d2,Chip Lab,false,false,2025-11-12 18:58:56.391479+00,9cf16066-11f8-4b07-bc89-4f1013980063,false,9cf16066-11f8-4b07-bc89-4f1013980063
5840f054-2a2b-4edd-83c3-fa836eb2f5f7,Gold Mine 4,false,false,2025-11-12 21:43:24.428129+00,2bb3c262-d107-439f-b059-f1d694f8915b,false,2bb3c262-d107-439f-b059-f1d694f8915b
590f09cc-d763-43e5-bf2b-3247a8a4a420,Alliance Center,false,false,2025-11-08 23:47:20.119656+00,1e4ed8c4-a092-4600-9f7e-a29bfc72c8b5,false,
5955111a-99ad-406e-b8b5-194c14902d6c,Chip Lab,false,false,2025-11-12 21:43:24.428129+00,2bb3c262-d107-439f-b059-f1d694f8915b,false,2bb3c262-d107-439f-b059-f1d694f8915b
5992572b-680f-4674-a129-680e0bb6475f,Tech Center 1,true,false,2025-11-12 21:43:24.428129+00,2bb3c262-d107-439f-b059-f1d694f8915b,false,2bb3c262-d107-439f-b059-f1d694f8915b
59966b8a-e841-44ab-8340-2a9be8122423,Oil Well 4,false,false,2025-11-12 18:58:56.391479+00,9cf16066-11f8-4b07-bc89-4f1013980063,false,9cf16066-11f8-4b07-bc89-4f1013980063
5a57bb84-f8e9-46ae-81dc-b3023c1fe666,Training Base 1,false,false,2025-11-12 21:43:24.428129+00,2bb3c262-d107-439f-b059-f1d694f8915b,false,2bb3c262-d107-439f-b059-f1d694f8915b
5bad94bf-9344-45da-9c2c-65f51680e78e,Hospital 3,false,false,2025-11-12 18:58:56.391479+00,9cf16066-11f8-4b07-bc89-4f1013980063,false,9cf16066-11f8-4b07-bc89-4f1013980063
5c682fee-b6f6-427d-bc28-ca45d4009bef,Alert Tower,false,false,2025-11-12 18:58:56.391479+00,9cf16066-11f8-4b07-bc89-4f1013980063,false,9cf16066-11f8-4b07-bc89-4f1013980063
5c793cb6-f7d6-468f-bf94-d1b85e3f4b17,Drill Ground 4,false,false,2025-11-08 23:47:20.119656+00,1e4ed8c4-a092-4600-9f7e-a29bfc72c8b5,false,
5e629b95-9cd4-49d7-b9d2-ab5624fb4a30,Tech Center 3,false,false,2025-11-12 21:43:24.428129+00,2bb3c262-d107-439f-b059-f1d694f8915b,false,2bb3c262-d107-439f-b059-f1d694f8915b
5e7ebe2a-7547-4f0b-b144-f2e6db4120c1,Smelter 4,false,false,2025-11-12 21:43:24.428129+00,2bb3c262-d107-439f-b059-f1d694f8915b,false,2bb3c262-d107-439f-b059-f1d694f8915b
5ed74854-12c0-41cb-b8ff-0c332ca48662,Emergency Center,false,false,2025-11-08 23:47:20.119656+00,1e4ed8c4-a092-4600-9f7e-a29bfc72c8b5,false,
5eda24f5-d1b1-49d1-a171-217b8cf0910f,Missile Center,false,false,2025-11-12 18:58:56.391479+00,9cf16066-11f8-4b07-bc89-4f1013980063,false,9cf16066-11f8-4b07-bc89-4f1013980063
5f3bb82e-9871-4f7e-a8f5-1d1ced8ba0c9,Smelter 3,false,false,2025-11-12 21:43:24.428129+00,2bb3c262-d107-439f-b059-f1d694f8915b,false,2bb3c262-d107-439f-b059-f1d694f8915b
5f82ec02-756d-417b-9ecb-ca94db8b69c2,Hospital 2,false,false,2025-11-12 18:58:56.391479+00,9cf16066-11f8-4b07-bc89-4f1013980063,false,9cf16066-11f8-4b07-bc89-4f1013980063
5fa3e9d0-f439-4efa-81b0-3077509cae44,Farmland 5,false,false,2025-11-12 21:43:24.428129+00,2bb3c262-d107-439f-b059-f1d694f8915b,false,2bb3c262-d107-439f-b059-f1d694f8915b
642114c8-6bb2-4364-8c4f-2cfbfb4c8579,Oil Well 1,false,false,2025-11-12 18:58:56.391479+00,9cf16066-11f8-4b07-bc89-4f1013980063,false,9cf16066-11f8-4b07-bc89-4f1013980063
64ac2afa-3ecf-4ee1-b337-124c1c089f83,Gear Factory,false,false,2025-11-12 18:58:56.391479+00,9cf16066-11f8-4b07-bc89-4f1013980063,false,9cf16066-11f8-4b07-bc89-4f1013980063
6682452e-695c-4d99-a10b-3a53505d6c3f,Training Base 1,false,false,2025-11-12 18:58:56.391479+00,9cf16066-11f8-4b07-bc89-4f1013980063,false,9cf16066-11f8-4b07-bc89-4f1013980063
66c4c052-da71-4b47-82ae-ed3c4fc617b1,Training Base 2,false,false,2025-11-08 23:47:20.119656+00,1e4ed8c4-a092-4600-9f7e-a29bfc72c8b5,false,
68d3bb4d-5c86-420f-b5c6-b3f44d4ddd0f,Gold Mine 3,false,false,2025-11-12 18:58:56.391479+00,9cf16066-11f8-4b07-bc89-4f1013980063,false,9cf16066-11f8-4b07-bc89-4f1013980063
69411f4a-19d0-4de9-8e39-e467a6d443f7,Oil Well 5,false,false,2025-11-08 23:47:20.119656+00,1e4ed8c4-a092-4600-9f7e-a29bfc72c8b5,false,
6b45e073-f9dd-4cb2-986b-41abd027ee07,Hospital 1,false,false,2025-11-12 21:43:24.428129+00,2bb3c262-d107-439f-b059-f1d694f8915b,false,2bb3c262-d107-439f-b059-f1d694f8915b
6b887d91-aa5e-4370-b08f-a5e2fc9a37e4,Barracks 2,false,false,2025-11-12 18:58:56.391479+00,9cf16066-11f8-4b07-bc89-4f1013980063,false,9cf16066-11f8-4b07-bc89-4f1013980063
6c571a7c-ae52-46cd-b5ad-781a22ac4217,Oil Well 2,false,false,2025-11-08 23:47:20.119656+00,1e4ed8c4-a092-4600-9f7e-a29bfc72c8b5,false,
6f2c743e-a37c-4a2b-b406-ac1fb12e1f57,Oil Well 1,false,false,2025-11-12 21:43:24.428129+00,2bb3c262-d107-439f-b059-f1d694f8915b,false,2bb3c262-d107-439f-b059-f1d694f8915b
708aa168-8320-4cfd-812c-9112ca948f69,Hospital 3,false,false,2025-11-08 23:47:20.119656+00,1e4ed8c4-a092-4600-9f7e-a29bfc72c8b5,false,
72da1f71-b6c4-4499-a276-c81d06960700,Training Base 4,false,false,2025-11-08 23:47:20.119656+00,1e4ed8c4-a092-4600-9f7e-a29bfc72c8b5,false,
72dc7dca-ff14-48ea-aebf-a6e09ea4a888,Smelter 5,false,false,2025-11-12 21:43:24.428129+00,2bb3c262-d107-439f-b059-f1d694f8915b,false,2bb3c262-d107-439f-b059-f1d694f8915b
7318cfa9-6cd0-4c3f-b1b7-85242e06332c,Wall,true,false,2025-11-08 23:47:20.119656+00,1e4ed8c4-a092-4600-9f7e-a29bfc72c8b5,false,
731c4157-51be-4ec5-8caa-b7e0fc9210f3,Farmland 1,false,false,2025-11-12 21:43:24.428129+00,2bb3c262-d107-439f-b059-f1d694f8915b,false,2bb3c262-d107-439f-b059-f1d694f8915b
7336cd12-8ea7-4eaf-b3f6-acdd7127b401,Farmland 1,false,false,2025-11-08 23:47:20.119656+00,1e4ed8c4-a092-4600-9f7e-a29bfc72c8b5,false,
7435edb3-ac6c-4c56-aa0e-a12e8c9e1351,Farmland 2,false,false,2025-11-12 18:58:56.391479+00,9cf16066-11f8-4b07-bc89-4f1013980063,false,9cf16066-11f8-4b07-bc89-4f1013980063
7854c7a0-6470-4fce-9eb0-257f3bd70106,Alert Tower,false,false,2025-11-12 21:43:24.428129+00,2bb3c262-d107-439f-b059-f1d694f8915b,false,2bb3c262-d107-439f-b059-f1d694f8915b
78cf5041-9623-4155-9325-7d4cde603b3c,Barracks 4,false,false,2025-11-12 18:58:56.391479+00,9cf16066-11f8-4b07-bc89-4f1013980063,false,9cf16066-11f8-4b07-bc89-4f1013980063
78f7b4d4-385d-4848-b516-77231a093901,Smelter 2,false,false,2025-11-12 21:43:24.428129+00,2bb3c262-d107-439f-b059-f1d694f8915b,false,2bb3c262-d107-439f-b059-f1d694f8915b
7ba1e17c-7500-4d33-85f5-f0ae3471cbb6,Gold Mine 3,false,false,2025-11-12 21:43:24.428129+00,2bb3c262-d107-439f-b059-f1d694f8915b,false,2bb3c262-d107-439f-b059-f1d694f8915b
7bfeb44f-4de6-468f-bfb6-1d0b9a03463e,Material Workshop 2,false,false,2025-11-12 21:43:24.428129+00,2bb3c262-d107-439f-b059-f1d694f8915b,false,2bb3c262-d107-439f-b059-f1d694f8915b
7d89a1a9-543b-4b9e-a32a-6f71950da7ef,Iron Mine 5,false,false,2025-11-12 18:58:56.391479+00,9cf16066-11f8-4b07-bc89-4f1013980063,false,9cf16066-11f8-4b07-bc89-4f1013980063
7f2cc14d-f7d7-426a-af8c-a14897f32e46,Farmland 5,false,false,2025-11-08 23:47:20.119656+00,1e4ed8c4-a092-4600-9f7e-a29bfc72c8b5,false,
818df2ef-6804-4d03-b557-f5b172cfff86,Farmland 3,false,false,2025-11-08 23:47:20.119656+00,1e4ed8c4-a092-4600-9f7e-a29bfc72c8b5,false,
834fd8f8-06e1-46c2-9ffe-39570f1be0ad,Material Workshop 5,false,false,2025-11-12 21:43:24.428129+00,2bb3c262-d107-439f-b059-f1d694f8915b,false,2bb3c262-d107-439f-b059-f1d694f8915b
836ba9cb-14d9-4365-8185-f33ec4208bb6,Iron Mine 1,false,false,2025-11-08 23:47:20.119656+00,1e4ed8c4-a092-4600-9f7e-a29bfc72c8b5,false,
8444e717-696b-4121-ab26-8a3b68c515bb,Hospital 3,false,false,2025-11-12 21:43:24.428129+00,2bb3c262-d107-439f-b059-f1d694f8915b,false,2bb3c262-d107-439f-b059-f1d694f8915b
856f7908-8a9f-4c70-8d23-a564f7a0f34d,Oil Well 3,false,false,2025-11-12 18:58:56.391479+00,9cf16066-11f8-4b07-bc89-4f1013980063,false,9cf16066-11f8-4b07-bc89-4f1013980063
8828d64d-efdd-40b2-a2f6-d63afb939622,Farmland 4,false,false,2025-11-08 23:47:20.119656+00,1e4ed8c4-a092-4600-9f7e-a29bfc72c8b5,false,
88aa36bc-8611-432b-8248-c2b6f5eedeaf,Coin Vault,false,false,2025-11-12 21:43:24.428129+00,2bb3c262-d107-439f-b059-f1d694f8915b,false,2bb3c262-d107-439f-b059-f1d694f8915b
88f86c96-f592-4f36-941f-3746b7e800e2,Hospital 1,false,false,2025-11-08 23:47:20.119656+00,1e4ed8c4-a092-4600-9f7e-a29bfc72c8b5,false,
890d5cde-dcaf-4e1f-81ad-79581d3e86fd,Food Warehouse,false,false,2025-11-08 23:47:20.119656+00,1e4ed8c4-a092-4600-9f7e-a29bfc72c8b5,false,
89528863-f6c0-44e4-a162-33608b40d63c,Smelter 5,false,false,2025-11-08 23:47:20.119656+00,1e4ed8c4-a092-4600-9f7e-a29bfc72c8b5,false,
8aa1f649-015d-4a37-9e2a-8bfe1c38a17e,Iron Warehouse,false,false,2025-11-12 18:58:56.391479+00,9cf16066-11f8-4b07-bc89-4f1013980063,false,9cf16066-11f8-4b07-bc89-4f1013980063
8ae26718-2c44-4ce0-9943-922fc7d9d59b,Farmland 1,false,false,2025-11-12 18:58:56.391479+00,9cf16066-11f8-4b07-bc89-4f1013980063,false,9cf16066-11f8-4b07-bc89-4f1013980063
8c53df83-947b-4522-a7f2-5a8c1c411f92,Iron Warehouse,false,false,2025-11-08 23:47:20.119656+00,1e4ed8c4-a092-4600-9f7e-a29bfc72c8b5,false,
8e641bcc-0c4f-44a8-9a49-906bc0390892,Oil Well 1,false,false,2025-11-08 23:47:20.119656+00,1e4ed8c4-a092-4600-9f7e-a29bfc72c8b5,false,
8eb906bf-142c-4a37-a195-3230b1262ed4,Recon Plane 1,false,false,2025-11-08 23:47:20.119656+00,1e4ed8c4-a092-4600-9f7e-a29bfc72c8b5,false,
8f2eaca9-accf-4314-9060-e058b6881978,Gold Mine 5,false,false,2025-11-12 21:43:24.428129+00,2bb3c262-d107-439f-b059-f1d694f8915b,false,2bb3c262-d107-439f-b059-f1d694f8915b
916ecb8e-278e-411e-b670-c35f05fb709b,Material Workshop 3,false,false,2025-11-12 18:58:56.391479+00,9cf16066-11f8-4b07-bc89-4f1013980063,false,9cf16066-11f8-4b07-bc89-4f1013980063
91f6302d-efe5-4f8f-9bfe-72c05d288a44,Smelter 4,false,false,2025-11-08 23:47:20.119656+00,1e4ed8c4-a092-4600-9f7e-a29bfc72c8b5,false,
91f800d3-ea61-4c81-9ba2-6a0a522d7297,Smelter 3,false,false,2025-11-08 23:47:20.119656+00,1e4ed8c4-a092-4600-9f7e-a29bfc72c8b5,false,
932cc61f-d2b8-4f3e-8a3b-039ae005f482,Training Base 5,false,false,2025-11-12 21:43:24.428129+00,2bb3c262-d107-439f-b059-f1d694f8915b,false,2bb3c262-d107-439f-b059-f1d694f8915b
93c85e6a-9dd2-4286-a72a-0e6821590f85,Emergency Center,false,false,2025-11-12 18:58:56.391479+00,9cf16066-11f8-4b07-bc89-4f1013980063,false,9cf16066-11f8-4b07-bc89-4f1013980063
95243f24-37f9-472b-97cf-26bee28fac98,Component Factory,false,false,2025-11-08 23:47:20.119656+00,1e4ed8c4-a092-4600-9f7e-a29bfc72c8b5,false,
97765a8c-9cd5-4882-b58a-e171eae1707a,Recon Plane 3,false,false,2025-11-08 23:47:20.119656+00,1e4ed8c4-a092-4600-9f7e-a29bfc72c8b5,false,
97d84d85-3c2a-40a5-933e-74fca272832e,Tech Center 2,false,false,2025-11-12 18:58:56.391479+00,9cf16066-11f8-4b07-bc89-4f1013980063,false,9cf16066-11f8-4b07-bc89-4f1013980063
97f7f560-24d9-4fa6-b0cd-b40a8d3a139d,Recon Plane 1,false,false,2025-11-12 18:58:56.391479+00,9cf16066-11f8-4b07-bc89-4f1013980063,false,9cf16066-11f8-4b07-bc89-4f1013980063
9a4b0a32-a204-4182-bbfa-4591e9a94085,Tech Center 2,false,false,2025-11-08 23:47:20.119656+00,1e4ed8c4-a092-4600-9f7e-a29bfc72c8b5,false,
9a5f9902-307c-49a4-b014-90e7fe893df0,Hospital 4,true,false,2025-11-08 23:47:20.119656+00,1e4ed8c4-a092-4600-9f7e-a29bfc72c8b5,false,
9a8d3f61-2efc-413b-980b-487239c83ecd,Iron Mine 1,false,false,2025-11-12 18:58:56.391479+00,9cf16066-11f8-4b07-bc89-4f1013980063,false,9cf16066-11f8-4b07-bc89-4f1013980063
9cf3f8d0-d8b8-49c4-9ee1-47aac1fcecc9,Missile Center,false,false,2025-11-12 21:43:24.428129+00,2bb3c262-d107-439f-b059-f1d694f8915b,false,2bb3c262-d107-439f-b059-f1d694f8915b
9efea7ea-2058-4c72-aa6a-4f4dc7291b2a,Chip Lab,false,false,2025-11-08 23:47:20.119656+00,1e4ed8c4-a092-4600-9f7e-a29bfc72c8b5,false,
9f7b81ce-4bfc-4660-95af-41c56b5eea0a,Gold Mine 2,false,false,2025-11-08 23:47:20.119656+00,1e4ed8c4-a092-4600-9f7e-a29bfc72c8b5,false,
9fc9b69b-abce-4854-8bc5-66ddb77541ed,Material Workshop 5,false,false,2025-11-08 23:47:20.119656+00,1e4ed8c4-a092-4600-9f7e-a29bfc72c8b5,false,
a05e7df5-ceb4-48b5-8c19-8366291c9cba,Farmland 3,false,false,2025-11-12 21:43:24.428129+00,2bb3c262-d107-439f-b059-f1d694f8915b,false,2bb3c262-d107-439f-b059-f1d694f8915b
a233082e-ee5d-435e-ba45-9754625da8a0,Gold Mine 1,false,false,2025-11-12 21:43:24.428129+00,2bb3c262-d107-439f-b059-f1d694f8915b,false,2bb3c262-d107-439f-b059-f1d694f8915b
a35bece1-dac0-45eb-8ff4-0bbe07c2d51e,Tavern,false,false,2025-11-08 23:47:20.119656+00,1e4ed8c4-a092-4600-9f7e-a29bfc72c8b5,false,
a3e7551d-5671-4d37-b76d-ef92f0f19b60,Training Base 1,false,false,2025-11-08 23:47:20.119656+00,1e4ed8c4-a092-4600-9f7e-a29bfc72c8b5,false,
a4fe5f9b-98e6-464a-95c4-36d352c253bd,Iron Mine 2,false,false,2025-11-08 23:47:20.119656+00,1e4ed8c4-a092-4600-9f7e-a29bfc72c8b5,false,
a572a920-27fd-49f1-a074-69cc6e8292ce,Oil Well 4,true,false,2025-11-12 21:43:24.428129+00,2bb3c262-d107-439f-b059-f1d694f8915b,false,2bb3c262-d107-439f-b059-f1d694f8915b
a6156c9a-3407-487f-9ffa-0b0ddcaac98b,Builder's Hut,false,false,2025-11-12 18:58:56.391479+00,9cf16066-11f8-4b07-bc89-4f1013980063,false,9cf16066-11f8-4b07-bc89-4f1013980063
a772fd91-4e30-4422-9a88-9ae3efa3c6ad,Smelter 2,false,false,2025-11-08 23:47:20.119656+00,1e4ed8c4-a092-4600-9f7e-a29bfc72c8b5,false,
a806e29b-0dd1-47c7-8a4c-a9bae4d3763e,Drill Ground 2,false,false,2025-11-12 18:58:56.391479+00,9cf16066-11f8-4b07-bc89-4f1013980063,false,9cf16066-11f8-4b07-bc89-4f1013980063
a807532b-de9d-4adc-8489-1f1e230378ef,Recon Plane 2,false,false,2025-11-12 18:58:56.391479+00,9cf16066-11f8-4b07-bc89-4f1013980063,false,9cf16066-11f8-4b07-bc89-4f1013980063
ab7d64da-cd75-454d-942d-89babfd19cf8,Tech Center 1,false,false,2025-11-12 18:58:56.391479+00,9cf16066-11f8-4b07-bc89-4f1013980063,false,9cf16066-11f8-4b07-bc89-4f1013980063
b1bcb902-345c-4aeb-a60f-52df6d06c93a,Hospital 4,false,false,2025-11-12 21:43:24.428129+00,2bb3c262-d107-439f-b059-f1d694f8915b,false,2bb3c262-d107-439f-b059-f1d694f8915b
b2e604c8-350d-4033-95d1-a2137b900a7e,Smelter 4,false,false,2025-11-12 18:58:56.391479+00,9cf16066-11f8-4b07-bc89-4f1013980063,false,9cf16066-11f8-4b07-bc89-4f1013980063
b3721672-64a2-4b60-8898-35fe93159879,Smelter 3,false,false,2025-11-12 18:58:56.391479+00,9cf16066-11f8-4b07-bc89-4f1013980063,false,9cf16066-11f8-4b07-bc89-4f1013980063
b3790ef0-4935-4ebd-9b49-b6acf8445b87,Recon Plane 3,false,false,2025-11-12 21:43:24.428129+00,2bb3c262-d107-439f-b059-f1d694f8915b,false,2bb3c262-d107-439f-b059-f1d694f8915b
b5eb3c58-5518-4c59-b4b7-41dbb810476d,Hospital 4,false,false,2025-11-12 18:58:56.391479+00,9cf16066-11f8-4b07-bc89-4f1013980063,false,9cf16066-11f8-4b07-bc89-4f1013980063
b941ec35-03fc-4ef8-a4f8-12b7fecf52f8,Aircraft Center,false,false,2025-11-11 23:49:22.279849+00,1e4ed8c4-a092-4600-9f7e-a29bfc72c8b5,false,
b991f60f-b383-4d50-8ee4-2bf3d34813d2,Barracks 3,false,false,2025-11-08 23:47:20.119656+00,1e4ed8c4-a092-4600-9f7e-a29bfc72c8b5,false,
bb826af1-9e59-4b3e-8aa2-5b354468c0d8,Drill Ground 2,false,false,2025-11-12 21:43:24.428129+00,2bb3c262-d107-439f-b059-f1d694f8915b,false,2bb3c262-d107-439f-b059-f1d694f8915b
bc18f5cc-2509-4deb-b80f-d53e66bb6e4e,Farmland 2,false,false,2025-11-12 21:43:24.428129+00,2bb3c262-d107-439f-b059-f1d694f8915b,false,2bb3c262-d107-439f-b059-f1d694f8915b
bec3fd9e-ff2f-41b1-9fd0-0cd792e601c4,Farmland 3,false,false,2025-11-12 18:58:56.391479+00,9cf16066-11f8-4b07-bc89-4f1013980063,false,9cf16066-11f8-4b07-bc89-4f1013980063
bf69cfdd-8d3e-436b-ace9-5df6e69a8e83,Missile Center,false,false,2025-11-09 20:43:42.240811+00,1e4ed8c4-a092-4600-9f7e-a29bfc72c8b5,false,
bf7412b8-7c0e-4ea1-9be5-81ca6cf34bff,HQ,false,false,2025-11-08 23:47:20.119656+00,1e4ed8c4-a092-4600-9f7e-a29bfc72c8b5,false,
bf809dbe-6051-4934-ba8f-47aefcc66aed,Training Base 3,false,false,2025-11-08 23:47:20.119656+00,1e4ed8c4-a092-4600-9f7e-a29bfc72c8b5,false,
c12d330f-4e35-4260-9014-a07228e3cb6b,Tech Center 2,false,false,2025-11-12 21:43:24.428129+00,2bb3c262-d107-439f-b059-f1d694f8915b,false,2bb3c262-d107-439f-b059-f1d694f8915b
c1997a97-723a-44ab-9baf-20c219cc69fc,Drill Ground 2,false,false,2025-11-08 23:47:20.119656+00,1e4ed8c4-a092-4600-9f7e-a29bfc72c8b5,false,
c1c50c01-f90d-4188-9778-f599d1af050d,Air Center,false,false,2025-11-09 20:43:42.240811+00,1e4ed8c4-a092-4600-9f7e-a29bfc72c8b5,false,
c4131563-3ee4-4b34-b5ee-8a13cc950c98,Iron Mine 2,false,false,2025-11-12 18:58:56.391479+00,9cf16066-11f8-4b07-bc89-4f1013980063,false,9cf16066-11f8-4b07-bc89-4f1013980063
c5be4299-14fc-4bb8-806d-8d443cff7a47,Hospital 1,false,false,2025-11-12 18:58:56.391479+00,9cf16066-11f8-4b07-bc89-4f1013980063,false,9cf16066-11f8-4b07-bc89-4f1013980063
c6153f48-b612-4dea-bc70-74a1ebf0a06b,Drone Parts Workshop,false,false,2025-11-12 18:58:56.391479+00,9cf16066-11f8-4b07-bc89-4f1013980063,false,9cf16066-11f8-4b07-bc89-4f1013980063
c62bd8a2-de4c-458d-b579-0da4c0b9612d,Gold Mine 2,false,false,2025-11-12 18:58:56.391479+00,9cf16066-11f8-4b07-bc89-4f1013980063,false,9cf16066-11f8-4b07-bc89-4f1013980063
c8c8435d-a5df-42d8-a263-d4b187a679b1,Barracks 1,false,false,2025-11-12 18:58:56.391479+00,9cf16066-11f8-4b07-bc89-4f1013980063,false,9cf16066-11f8-4b07-bc89-4f1013980063
c8db42a9-147c-4c3f-bc68-2b744640f983,Wall,false,false,2025-11-12 21:43:24.428129+00,2bb3c262-d107-439f-b059-f1d694f8915b,false,2bb3c262-d107-439f-b059-f1d694f8915b
caa23a55-fe56-431b-9199-d5df6f550dfb,Gold Mine 1,false,false,2025-11-08 23:47:20.119656+00,1e4ed8c4-a092-4600-9f7e-a29bfc72c8b5,false,
cab1a257-afab-4608-88ee-a9a1c4665f10,Alliance Center,false,false,2025-11-12 21:43:24.428129+00,2bb3c262-d107-439f-b059-f1d694f8915b,false,2bb3c262-d107-439f-b059-f1d694f8915b
cd2dc49f-cd9b-4a20-a36f-91cff6950488,Iron Mine 3,false,false,2025-11-12 21:43:24.428129+00,2bb3c262-d107-439f-b059-f1d694f8915b,false,2bb3c262-d107-439f-b059-f1d694f8915b
cdad91d7-92c4-4b87-a3f8-d21f2622b6e4,Training Base 5,false,false,2025-11-12 18:58:56.391479+00,9cf16066-11f8-4b07-bc89-4f1013980063,false,9cf16066-11f8-4b07-bc89-4f1013980063
cdbdc326-5cff-49b6-9a02-549353a2ef3b,Barracks 2,false,false,2025-11-12 21:43:24.428129+00,2bb3c262-d107-439f-b059-f1d694f8915b,false,2bb3c262-d107-439f-b059-f1d694f8915b
cfbd5901-e8fe-45e5-824b-11930eccfb65,Material Workshop 4,false,false,2025-11-12 21:43:24.428129+00,2bb3c262-d107-439f-b059-f1d694f8915b,false,2bb3c262-d107-439f-b059-f1d694f8915b
d160e81b-9d10-4bf9-bf97-d4989eef4023,Recon Plane 1,false,false,2025-11-12 21:43:24.428129+00,2bb3c262-d107-439f-b059-f1d694f8915b,false,2bb3c262-d107-439f-b059-f1d694f8915b
d1ede70f-032b-43aa-9ae2-85bf268e2dbf,Air Center,false,false,2025-11-13 08:54:22.45731+00,2bb3c262-d107-439f-b059-f1d694f8915b,false,2bb3c262-d107-439f-b059-f1d694f8915b
d249fef8-b2c8-4a3b-a111-5747bbab54b0,Drill Ground 4,false,false,2025-11-12 18:58:56.391479+00,9cf16066-11f8-4b07-bc89-4f1013980063,false,9cf16066-11f8-4b07-bc89-4f1013980063
d41434e1-6e90-4998-9494-a42493ca52b6,Oil Well 5,false,false,2025-11-12 18:58:56.391479+00,9cf16066-11f8-4b07-bc89-4f1013980063,false,9cf16066-11f8-4b07-bc89-4f1013980063
d4d60226-7cd6-4f5e-a421-cc495aacd105,Drill Ground 3,false,false,2025-11-12 21:43:24.428129+00,2bb3c262-d107-439f-b059-f1d694f8915b,false,2bb3c262-d107-439f-b059-f1d694f8915b
d50c68d2-22bb-4848-873a-6d73a8b6e16c,Gold Mine 1,false,false,2025-11-12 18:58:56.391479+00,9cf16066-11f8-4b07-bc89-4f1013980063,false,9cf16066-11f8-4b07-bc89-4f1013980063
db56e379-3842-4e68-800d-163f3e4d737f,Oil Well 4,true,false,2025-11-08 23:47:20.119656+00,1e4ed8c4-a092-4600-9f7e-a29bfc72c8b5,false,
dbe050a0-2661-4704-b404-dc51be8e4a72,Aircraft Center,false,false,2025-11-12 18:58:56.391479+00,9cf16066-11f8-4b07-bc89-4f1013980063,false,9cf16066-11f8-4b07-bc89-4f1013980063
dd0f058c-5302-4cec-87ab-5c98992b1b6e,Tavern,false,false,2025-11-12 18:58:56.391479+00,9cf16066-11f8-4b07-bc89-4f1013980063,false,9cf16066-11f8-4b07-bc89-4f1013980063
dfbcd863-b887-4de6-8e8b-870ebe9dc865,Barracks 3,false,false,2025-11-12 21:43:24.428129+00,2bb3c262-d107-439f-b059-f1d694f8915b,false,2bb3c262-d107-439f-b059-f1d694f8915b
e165f38d-a6df-4aac-96fb-1664c3698ffd,Technical Institute,false,false,2025-11-12 21:43:24.428129+00,2bb3c262-d107-439f-b059-f1d694f8915b,false,2bb3c262-d107-439f-b059-f1d694f8915b
e349d304-18c2-4243-94ef-7b5b44ce5808,Oil Well 3,false,true,2025-11-08 23:47:20.119656+00,1e4ed8c4-a092-4600-9f7e-a29bfc72c8b5,false,
e681ece9-6ff7-4349-80bb-4dcc1878a3ee,Material Workshop 1,false,false,2025-11-08 23:47:20.119656+00,1e4ed8c4-a092-4600-9f7e-a29bfc72c8b5,false,
ecadc275-88d4-4b85-9765-bb459f6517c7,Tavern,false,false,2025-11-12 21:43:24.428129+00,2bb3c262-d107-439f-b059-f1d694f8915b,false,2bb3c262-d107-439f-b059-f1d694f8915b
edc49232-a05c-4565-9fa3-9d8c8e1c5db6,Barracks 1,false,false,2025-11-08 23:47:20.119656+00,1e4ed8c4-a092-4600-9f7e-a29bfc72c8b5,false,
edfc4334-b8c7-4027-bebb-b4e1cfeb3f2b,Gear Factory,false,false,2025-11-08 23:47:20.119656+00,1e4ed8c4-a092-4600-9f7e-a29bfc72c8b5,false,
f3569647-4ef8-461d-a25f-6337d4058018,Barracks 2,false,false,2025-11-08 23:47:20.119656+00,1e4ed8c4-a092-4600-9f7e-a29bfc72c8b5,false,
f3efe5dd-8984-40d5-b290-86e9dcd582e6,Hospital 2,false,false,2025-11-12 21:43:24.428129+00,2bb3c262-d107-439f-b059-f1d694f8915b,false,2bb3c262-d107-439f-b059-f1d694f8915b
f4809f6a-fbb4-44aa-9b9d-9e79b2c9a4c8,Barracks 1,false,false,2025-11-12 21:43:24.428129+00,2bb3c262-d107-439f-b059-f1d694f8915b,false,2bb3c262-d107-439f-b059-f1d694f8915b
f4966ec8-3a1d-4b27-ad0c-1823de4248fe,Iron Mine 4,false,false,2025-11-12 18:58:56.391479+00,9cf16066-11f8-4b07-bc89-4f1013980063,false,9cf16066-11f8-4b07-bc89-4f1013980063
f50b7425-cd6e-4a43-9b7c-a08d433d4508,Training Base 2,false,false,2025-11-12 21:43:24.428129+00,2bb3c262-d107-439f-b059-f1d694f8915b,false,2bb3c262-d107-439f-b059-f1d694f8915b
f71d5396-12f6-406a-8061-2c5fe1db74e7,Iron Mine 5,false,false,2025-11-08 23:47:20.119656+00,1e4ed8c4-a092-4600-9f7e-a29bfc72c8b5,false,
f799ca9e-db69-4e40-a9b0-1d876157167f,Coin Vault,false,false,2025-11-08 23:47:20.119656+00,1e4ed8c4-a092-4600-9f7e-a29bfc72c8b5,false,
f9c29098-b97e-4ba4-b95e-759b68ba7e2d,Tech Center 3,false,false,2025-11-12 18:58:56.391479+00,9cf16066-11f8-4b07-bc89-4f1013980063,false,9cf16066-11f8-4b07-bc89-4f1013980063
fb4df9d6-ec63-4722-b1d3-08e32f9f54a0,Smelter 5,false,false,2025-11-12 18:58:56.391479+00,9cf16066-11f8-4b07-bc89-4f1013980063,false,9cf16066-11f8-4b07-bc89-4f1013980063
fc181c11-cc4a-40f3-9320-26b8267f3bf9,Drill Ground 1,false,false,2025-11-12 21:43:24.428129+00,2bb3c262-d107-439f-b059-f1d694f8915b,false,2bb3c262-d107-439f-b059-f1d694f8915b
fc245908-f553-48c1-b461-0b3191b24a65,Recon Plane 2,false,false,2025-11-08 23:47:20.119656+00,1e4ed8c4-a092-4600-9f7e-a29bfc72c8b5,false,
ffc45141-662a-4711-aeb7-b3baa3117751,Recon Plane 2,false,false,2025-11-12 21:43:24.428129+00,2bb3c262-d107-439f-b059-f1d694f8915b,false,2bb3c262-d107-439f-b059-f1d694f8915b